{"cameraMode":{"drawMode":0,"name":"Shaded","section":"Shading Mode"},"sceneLighting":false,"audioPlay":false,"sceneViewState":{"showFog":true,"showMaterialUpdate":false,"showSkybox":false,"showFlares":true,"showImageEffects":true,"showParticleSystems":true},"in2DMode":false,"pivot":{"x":-0.0018989145755767823,"y":1.5820472240447999,"z":-1.341104507446289e-7},"rotation":{"x":-0.04056622087955475,"y":-0.6335986852645874,"z":0.03330458328127861,"w":-0.7719192504882813},"size":1.8406177759170533,"orthographic":false}