{"cameraMode":{"drawMode":0,"name":"Shaded","section":"Shading Mode"},"sceneLighting":false,"audioPlay":false,"sceneViewState":{"showFog":true,"showMaterialUpdate":false,"showSkybox":false,"showFlares":true,"showImageEffects":true,"showParticleSystems":true},"in2DMode":false,"pivot":{"x":-0.2936241626739502,"y":1.316533088684082,"z":0.7274059057235718},"rotation":{"x":-0.05664489045739174,"y":0.712047278881073,"z":0.057776715606451038,"w":0.6976243257522583},"size":1.256614327430725,"orthographic":false}