{"cameraMode":{"drawMode":0,"name":"Shaded","section":"Shading Mode"},"sceneLighting":false,"audioPlay":false,"sceneViewState":{"showFog":true,"showMaterialUpdate":false,"showSkybox":false,"showFlares":true,"showImageEffects":true,"showParticleSystems":true},"in2DMode":false,"pivot":{"x":3.6743485927581789,"y":2.0104660987854006,"z":13.996281623840332},"rotation":{"x":0.06030450388789177,"y":-0.09235762059688568,"z":0.005760066211223602,"w":0.9939833283424377},"size":1.7617484331130982,"orthographic":false}