{"cameraMode":{"drawMode":0,"name":"Shaded","section":"Shading Mode"},"sceneLighting":false,"audioPlay":false,"sceneViewState":{"showFog":true,"showMaterialUpdate":false,"showSkybox":false,"showFlares":true,"showImageEffects":true,"showParticleSystems":true},"in2DMode":false,"pivot":{"x":-5.685769081115723,"y":4.820612907409668,"z":8.706101417541504},"rotation":{"x":-0.06370547413825989,"y":-0.6528732180595398,"z":0.055091243237257007,"w":-0.7529639601707459},"size":9.202163696289063,"orthographic":false}