{"cameraMode":{"drawMode":0,"name":"Shaded","section":"Shading Mode"},"sceneLighting":false,"audioPlay":false,"sceneViewState":{"showFog":true,"showMaterialUpdate":false,"showSkybox":false,"showFlares":true,"showImageEffects":true,"showParticleSystems":true},"in2DMode":false,"pivot":{"x":4.3054518699646,"y":2.7404651641845705,"z":-71.14500427246094},"rotation":{"x":0.06030450388789177,"y":-0.09235762059688568,"z":0.005760066211223602,"w":0.9939833283424377},"size":1.7946209907531739,"orthographic":false}